Epoch,TotalLoss,IntegralLoss,DensityLoss,Time
0,926.5726928710938,926.5726928710938,0.0,0.004293127854665121
1,908.9347534179688,908.9347534179688,0.0,0.002361885706583659
2,891.523681640625,891.523681640625,0.0,0.003392815589904785
3,874.3436279296875,874.3436279296875,0.0,0.002296773592631022
4,857.3974609375,857.3974609375,0.0,0.002234196662902832
5,840.6889038085938,840.6889038085938,0.0,0.002281804879506429
6,824.2203979492188,824.2203979492188,0.0,0.0032754023869832356
7,807.9953002929688,807.9953002929688,0.0,0.0020175615946451822
8,792.016357421875,792.016357421875,0.0,0.002221715450286865
9,776.285888671875,776.285888671875,0.0,0.0031857649485270184
10,760.8069458007812,760.8069458007812,0.0,0.002145675818125407
11,745.5818481445312,745.5818481445312,0.0,0.0021516561508178713
12,730.6101684570312,730.6101684570312,0.0,0.0032561739285786946
13,715.8965454101562,715.8965454101562,0.0,0.0021266937255859375
14,701.441162109375,701.441162109375,0.0,0.0021919926007588704
15,687.2446899414062,687.2446899414062,0.0,0.0021967609723409017
16,673.308837890625,673.308837890625,0.0,0.003293859958648682
17,659.63427734375,659.63427734375,0.0,0.0020938754081726075
18,646.2207641601562,646.2207641601562,0.0,0.0022542476654052734
19,633.0740356445312,633.0740356445312,0.0,0.003244531154632568
20,620.1880493164062,620.1880493164062,0.0,0.0022927045822143553
21,607.5643920898438,607.5643920898438,0.0,0.002268362045288086
22,595.2031860351562,595.2031860351562,0.0,0.003367344538370768
23,583.103759765625,583.103759765625,0.0,0.0022302826245625814
24,571.2656860351562,571.2656860351562,0.0,0.002254013220469157
25,559.68798828125,559.68798828125,0.0,0.002186596393585205
26,548.3694458007812,548.3694458007812,0.0,0.0030896862347920737
27,537.3091430664062,537.3091430664062,0.0,0.0023131450017293293
28,526.5064697265625,526.5064697265625,0.0,0.002260450522104899
29,515.95751953125,515.95751953125,0.0,0.003222505251566569
30,505.6617736816406,505.6617736816406,0.0,0.0022504528363545737
31,495.61761474609375,495.61761474609375,0.0,0.002177592118581136
32,485.8219909667969,485.8219909667969,0.0,0.003315869967142741
33,476.273193359375,476.273193359375,0.0,0.0022782007853190105
34,466.9681091308594,466.9681091308594,0.0,0.0024593154589335124
35,457.9044189453125,457.9044189453125,0.0,0.002364675203959147
36,449.0791931152344,449.0791931152344,0.0,0.0033469835917154947
37,440.4893493652344,440.4893493652344,0.0,0.0023450891176859537
38,432.13201904296875,432.13201904296875,0.0,0.0022597670555114745
39,424.0034484863281,424.0034484863281,0.0,0.003673223654429118
40,416.100830078125,416.100830078125,0.0,0.002440659205118815
41,408.4201965332031,408.4201965332031,0.0,0.0022132039070129395
42,400.9584045410156,400.9584045410156,0.0,0.003498987356821696
43,393.7115478515625,393.7115478515625,0.0,0.0022873719533284503
44,386.6759338378906,386.6759338378906,0.0,0.0023766756057739258
45,379.8479309082031,379.8479309082031,0.0,0.0026215354601542154
46,373.22320556640625,373.22320556640625,0.0,0.004160610834757487
47,366.798583984375,366.798583984375,0.0,0.0025411049524943032
48,360.5697326660156,360.5697326660156,0.0,0.0024782538414001463
49,354.5325012207031,354.5325012207031,0.0,0.0035846789677937826
50,348.68353271484375,348.68353271484375,0.0,0.0028389771779378254
51,343.01812744140625,343.01812744140625,0.0,0.0025010863939921063
52,337.53289794921875,337.53289794921875,0.0,0.0033783316612243652
53,332.2234802246094,332.2234802246094,0.0,0.0023242950439453123
54,327.0856628417969,327.0856628417969,0.0,0.002379298210144043
55,322.1158752441406,322.1158752441406,0.0,0.0034998456637064614
56,317.309814453125,317.309814453125,0.0,0.0024629990259806317
57,312.6636657714844,312.6636657714844,0.0,0.002281804879506429
58,308.17333984375,308.17333984375,0.0,0.003401954968770345
59,303.8349304199219,303.8349304199219,0.0,0.0022151748339335124
60,299.64434814453125,299.64434814453125,0.0,0.0022339860598246256
61,295.5978698730469,295.5978698730469,0.0,0.0021320541699727377
62,291.6916809082031,291.6916809082031,0.0,0.0033126155535380046
63,287.9217224121094,287.9217224121094,0.0,0.0023247718811035155
64,284.2843933105469,284.2843933105469,0.0,0.0023891687393188476
65,280.7758483886719,280.7758483886719,0.0,0.0036156058311462404
66,277.39227294921875,277.39227294921875,0.0,0.0025609532992045083
67,274.13006591796875,274.13006591796875,0.0,0.0025113423665364585
68,270.9857482910156,270.9857482910156,0.0,0.0037628332773844402
69,267.9554748535156,267.9554748535156,0.0,0.0028734763463338217
70,265.03594970703125,265.03594970703125,0.0,0.0027781128883361816
71,262.22369384765625,262.22369384765625,0.0,0.0025520960489908854
72,259.51519775390625,259.51519775390625,0.0,0.0037178675333658854
73,256.9070739746094,256.9070739746094,0.0,0.002543787161509196
74,254.39622497558594,254.39622497558594,0.0,0.0026166677474975587
75,251.97926330566406,251.97926330566406,0.0,0.0037232319513956706
76,249.6530303955078,249.6530303955078,0.0,0.002509586016337077
77,247.4145965576172,247.4145965576172,0.0,0.0025731285413106283
78,245.2602996826172,245.2602996826172,0.0,0.0034057259559631347
79,243.1879425048828,243.1879425048828,0.0,0.0023633639017740884
80,241.19427490234375,241.19427490234375,0.0,0.0023616115252176923
81,239.27659606933594,239.27659606933594,0.0,0.0027388930320739746
82,237.4317626953125,237.4317626953125,0.0,0.0034286538759867352
83,235.6574249267578,235.6574249267578,0.0,0.0024196187655131022
84,233.9508056640625,233.9508056640625,0.0,0.0025858998298645018
85,232.3092041015625,232.3092041015625,0.0,0.003510411580403646
86,230.73040771484375,230.73040771484375,0.0,0.0023430466651916506
87,229.21173095703125,229.21173095703125,0.0,0.002658994992574056
88,227.7509002685547,227.7509002685547,0.0,0.003314034144083659
89,226.34547424316406,226.34547424316406,0.0,0.0026322642962137857
90,224.9933624267578,224.9933624267578,0.0,0.0024113535881042482
91,223.692138671875,223.692138671875,0.0,0.0026873389879862467
92,222.44003295898438,222.44003295898438,0.0,0.0037385026613871255
93,221.23480224609375,221.23480224609375,0.0,0.0026552279790242514
94,220.07440185546875,220.07440185546875,0.0,0.0025440096855163575
95,218.95704650878906,218.95704650878906,0.0,0.00364381472269694
96,217.88076782226562,217.88076782226562,0.0,0.0025248130162556968
97,216.84376525878906,216.84376525878906,0.0,0.0026250362396240236
98,215.84446716308594,215.84446716308594,0.0,0.0035100976626078286
99,214.88092041015625,214.88092041015625,0.0,0.002579319477081299
100,213.95179748535156,213.95179748535156,0.0,0.002575886249542236
101,213.0552978515625,213.0552978515625,0.0,0.0033359845479329427
102,212.19029235839844,212.19029235839844,0.0,0.0027230421702067057
103,211.3549346923828,211.3549346923828,0.0,0.0025411486625671388
104,210.54698181152344,210.54698181152344,0.0,0.002537214756011963
105,209.76470947265625,209.76470947265625,0.0,0.003300940990447998
106,209.0140838623047,209.0140838623047,0.0,0.002595035235087077
107,208.28445434570312,208.28445434570312,0.0,0.0025984803835550946
108,207.57821655273438,207.57821655273438,0.0,0.003291646639506022
109,206.89447021484375,206.89447021484375,0.0,0.0025998393694559732
110,206.23187255859375,206.23187255859375,0.0,0.002491772174835205
111,205.58921813964844,205.58921813964844,0.0,0.0035352071126302084
112,204.96572875976562,204.96572875976562,0.0,0.0025467276573181152
113,204.36056518554688,204.36056518554688,0.0,0.0023331403732299804
114,203.77279663085938,203.77279663085938,0.0,0.002576545874277751
115,203.20130920410156,203.20130920410156,0.0,0.003348370393117269
116,202.64564514160156,202.64564514160156,0.0,0.0025406122207641602
117,202.1046142578125,202.1046142578125,0.0,0.002467854817708333
118,201.5780029296875,201.5780029296875,0.0,0.0032905896504720053
119,201.06373596191406,201.06373596191406,0.0,0.0024967114130655926
120,200.56353759765625,200.56353759765625,0.0,0.0025205334027608235
121,200.0748748779297,200.0748748779297,0.0,0.0034562428792317707
122,199.5978240966797,199.5978240966797,0.0,0.0025823553403218585
123,199.13021850585938,199.13021850585938,0.0,0.002415915330251058
124,198.67515563964844,198.67515563964844,0.0,0.0026001969973246256
125,198.22889709472656,198.22889709472656,0.0,0.0034780462582906088
126,197.7917022705078,197.7917022705078,0.0,0.002504074573516846
127,197.36349487304688,197.36349487304688,0.0,0.0024420619010925293
128,196.94406127929688,196.94406127929688,0.0,0.003561556339263916
129,196.53269958496094,196.53269958496094,0.0,0.002565252780914307
130,196.12869262695312,196.12869262695312,0.0,0.002302396297454834
131,195.7274169921875,195.7274169921875,0.0,0.003505114714304606
132,195.34188842773438,195.34188842773438,0.0,0.0025452772776285806
133,194.95863342285156,194.95863342285156,0.0,0.002486268679300944
134,194.58140563964844,194.58140563964844,0.0,0.002728617191314697
135,194.21023559570312,194.21023559570312,0.0,0.003221861521402995
136,193.84446716308594,193.84446716308594,0.0,0.002733433246612549
137,193.4837646484375,193.4837646484375,0.0,0.002420322100321452
138,193.12899780273438,193.12899780273438,0.0,0.003524168332417806
139,192.7789306640625,192.7789306640625,0.0,0.0026456713676452637
140,192.43333435058594,192.43333435058594,0.0,0.002634910742441813
141,192.0922088623047,192.0922088623047,0.0,0.0037289937337239582
142,191.7549285888672,191.7549285888672,0.0,0.0026949485143025714
143,191.4221649169922,191.4221649169922,0.0,0.002553252379099528
144,191.09323120117188,191.09323120117188,0.0,0.002630154291788737
145,190.76792907714844,190.76792907714844,0.0,0.004809292157491049
146,190.44622802734375,190.44622802734375,0.0,0.0029428760210673016
147,190.1281280517578,190.1281280517578,0.0,0.002712710698445638
148,189.813232421875,189.813232421875,0.0,0.0039154966672261555
149,189.5013427734375,189.5013427734375,0.0,0.00264210303624471
150,189.1924285888672,189.1924285888672,0.0,0.002773622671763102
151,188.8867645263672,188.8867645263672,0.0,0.0036724170049031576
152,188.58395385742188,188.58395385742188,0.0,0.002611998716990153
153,188.28350830078125,188.28350830078125,0.0,0.002707803249359131
154,187.9859619140625,187.9859619140625,0.0,0.0035757978757222494
155,187.6907501220703,187.6907501220703,0.0,0.002681299050649007
156,187.39817810058594,187.39817810058594,0.0,0.0025359710057576497
157,187.1080780029297,187.1080780029297,0.0,0.0024348020553588865
158,186.82040405273438,186.82040405273438,0.0,0.003408042589823405
159,186.53451538085938,186.53451538085938,0.0,0.0025247931480407715
160,186.25083923339844,186.25083923339844,0.0,0.002599799633026123
161,185.96963500976562,185.96963500976562,0.0,0.003687123457590739
162,185.69033813476562,185.69033813476562,0.0,0.0025050560633341473
163,185.412841796875,185.412841796875,0.0,0.002474816640218099
164,185.13755798339844,185.13755798339844,0.0,0.00359801451365153
165,184.8638153076172,184.8638153076172,0.0,0.0024797638257344564
166,184.59207153320312,184.59207153320312,0.0,0.0025565226872762046
167,184.32260131835938,184.32260131835938,0.0,0.0024556398391723635
168,184.05422973632812,184.05422973632812,0.0,0.0033322493235270183
169,183.78807067871094,183.78807067871094,0.0,0.002315111955006917
170,183.52346801757812,183.52346801757812,0.0,0.002728593349456787
171,183.2603302001953,183.2603302001953,0.0,0.0033541401227315266
172,183.00372314453125,183.00372314453125,0.0,0.0024672667185465496
173,182.73892211914062,182.73892211914062,0.0,0.002703440189361572
174,182.4805908203125,182.4805908203125,0.0,0.0033141692479451497
175,182.22378540039062,182.22378540039062,0.0,0.0025356531143188475
176,181.96853637695312,181.96853637695312,0.0,0.002592285474141439
177,181.7146759033203,181.7146759033203,0.0,0.0024083813031514486
178,181.46240234375,181.46240234375,0.0,0.003540178140004476
179,181.211669921875,181.211669921875,0.0,0.0024728775024414062
180,180.9622039794922,180.9622039794922,0.0,0.002396861712137858
181,180.71388244628906,180.71388244628906,0.0,0.003440368175506592
182,180.46693420410156,180.46693420410156,0.0,0.0026656150817871093
183,180.2216033935547,180.2216033935547,0.0,0.0022930185000101726
184,179.9773406982422,179.9773406982422,0.0,0.003460041681925456
185,179.73538208007812,179.73538208007812,0.0,0.0023315032323201496
186,179.4943084716797,179.4943084716797,0.0,0.0022164265314737956
187,179.2541046142578,179.2541046142578,0.0,0.0023667573928833007
188,179.0145721435547,179.0145721435547,0.0,0.0035041252772013347
189,178.7778778076172,178.7778778076172,0.0,0.002722020943959554
190,178.54127502441406,178.54127502441406,0.0,0.002454972267150879
191,178.3065948486328,178.3065948486328,0.0,0.003702815373738607
192,178.07138061523438,178.07138061523438,0.0,0.0026384870211283366
193,177.839599609375,177.839599609375,0.0,0.0025899608929951987
194,177.60890197753906,177.60890197753906,0.0,0.0038071393966674803
195,177.37747192382812,177.37747192382812,0.0,0.0025441686312357584
196,177.1482391357422,177.1482391357422,0.0,0.0027273416519165037
197,176.9199676513672,176.9199676513672,0.0,0.0026117602984110514
198,176.69300842285156,176.69300842285156,0.0,0.003435814380645752
199,176.46697998046875,176.46697998046875,0.0,0.0025354305903116862
200,176.24188232421875,176.24188232421875,0.0,0.002377915382385254
201,176.01817321777344,176.01817321777344,0.0,0.0034110029538472492
202,175.79530334472656,175.79530334472656,0.0,0.0024742484092712402
203,175.5735626220703,175.5735626220703,0.0,0.002496000130971273
204,175.35287475585938,175.35287475585938,0.0,0.0034214218457539877
205,175.13352966308594,175.13352966308594,0.0,0.0024161736170450845
206,174.91477966308594,174.91477966308594,0.0,0.002568666140238444
207,174.69723510742188,174.69723510742188,0.0,0.0035458008448282876
208,174.48065185546875,174.48065185546875,0.0,0.0026850422223409017
209,174.26553344726562,174.26553344726562,0.0,0.002436363697052002
210,174.05062866210938,174.05062866210938,0.0,0.0024771253267923993
211,173.83670043945312,173.83670043945312,0.0,0.0034918705622355144
212,173.6244354248047,173.6244354248047,0.0,0.0026259859402974445
213,173.41270446777344,173.41270446777344,0.0,0.002376965681711833
214,173.2018280029297,173.2018280029297,0.0,0.0034246206283569335
215,172.9922637939453,172.9922637939453,0.0,0.0025784850120544435
216,172.7833251953125,172.7833251953125,0.0,0.0023862838745117186
217,172.5756378173828,172.5756378173828,0.0,0.00368425448735555
218,172.36846923828125,172.36846923828125,0.0,0.0026737531026204426
219,172.1623992919922,172.1623992919922,0.0,0.0022190014521280923
220,171.9584197998047,171.9584197998047,0.0,0.0023807247479756674
221,171.7532958984375,171.7532958984375,0.0,0.003606665134429932
222,171.5504150390625,171.5504150390625,0.0,0.002422300974527995
223,171.34820556640625,171.34820556640625,0.0,0.0024753530820210774
224,171.14694213867188,171.14694213867188,0.0,0.003338897228240967
225,170.946533203125,170.946533203125,0.0,0.0024680376052856447
226,170.74673461914062,170.74673461914062,0.0,0.0025406281153361
227,170.5479736328125,170.5479736328125,0.0,0.0038169026374816895
228,170.3502960205078,170.3502960205078,0.0,0.002472662925720215
229,170.15286254882812,170.15286254882812,0.0,0.002513273557027181
230,169.95704650878906,169.95704650878906,0.0,0.0023708025614420573
231,169.7618408203125,169.7618408203125,0.0,0.0033177971839904786
232,169.5674285888672,169.5674285888672,0.0,0.0024537563323974608
233,169.37538146972656,169.37538146972656,0.0,0.0022643526395161946
234,169.18099975585938,169.18099975585938,0.0,0.003536828358968099
235,168.9894561767578,168.9894561767578,0.0,0.0025852322578430176
236,168.7979736328125,168.7979736328125,0.0,0.0026233434677124024
237,168.60757446289062,168.60757446289062,0.0,0.0034784317016601563
238,168.41786193847656,168.41786193847656,0.0,0.0026045958201090496
239,168.22935485839844,168.22935485839844,0.0,0.0027331233024597166
240,168.04208374023438,168.04208374023438,0.0,0.002653650442759196
241,167.8544464111328,167.8544464111328,0.0,0.0036390026410420737
242,167.66880798339844,167.66880798339844,0.0,0.002611986796061198
243,167.48416137695312,167.48416137695312,0.0,0.002631203333536784
244,167.29867553710938,167.29867553710938,0.0,0.00351258118947347
245,167.1160125732422,167.1160125732422,0.0,0.002450255552927653
246,166.93026733398438,166.93026733398438,0.0,0.0027148683865865072
247,166.74998474121094,166.74998474121094,0.0,0.003682065010070801
248,166.56932067871094,166.56932067871094,0.0,0.0026898662249247233
249,166.38824462890625,166.38824462890625,0.0,0.0026045878728230792
250,166.20826721191406,166.20826721191406,0.0,0.00410618782043457
251,166.02899169921875,166.02899169921875,0.0,0.002651051680246989
252,165.8501739501953,165.8501739501953,0.0,0.0026798009872436523
253,165.67286682128906,165.67286682128906,0.0,0.0034623940785725913
254,165.49554443359375,165.49554443359375,0.0,0.0026021401087443032
255,165.31912231445312,165.31912231445312,0.0,0.0025141557057698567
256,165.14353942871094,165.14353942871094,0.0,0.0023334701855977375
257,164.96893310546875,164.96893310546875,0.0,0.0035567482312520346
258,164.79478454589844,164.79478454589844,0.0,0.0025527079900105796
259,164.62086486816406,164.62086486816406,0.0,0.0025142669677734376
260,164.4482421875,164.4482421875,0.0,0.003410295645395915
261,164.27638244628906,164.27638244628906,0.0,0.0027975916862487795
262,164.1052703857422,164.1052703857422,0.0,0.0024866024653116864
263,163.9342041015625,163.9342041015625,0.0,0.003588227430979411
264,163.76463317871094,163.76463317871094,0.0,0.002477415402730306
265,163.59510803222656,163.59510803222656,0.0,0.002366793155670166
266,163.42681884765625,163.42681884765625,0.0,0.0025380849838256836
267,163.2594757080078,163.2594757080078,0.0,0.003391118844350179
268,163.09202575683594,163.09202575683594,0.0,0.0022460619608561196
269,162.92514038085938,162.92514038085938,0.0,0.0026829719543457033
270,162.75967407226562,162.75967407226562,0.0,0.0034392793973286946
271,162.5946044921875,162.5946044921875,0.0,0.002501773834228516
272,162.4300079345703,162.4300079345703,0.0,0.0023972233136494952
273,162.26620483398438,162.26620483398438,0.0,0.0038380146026611326
274,162.10369873046875,162.10369873046875,0.0,0.002695310115814209
275,161.94107055664062,161.94107055664062,0.0,0.002569691340128581
276,161.77943420410156,161.77943420410156,0.0,0.0026981234550476074
277,161.6175994873047,161.6175994873047,0.0,0.0036641955375671387
278,161.4582977294922,161.4582977294922,0.0,0.0027869264284769695
279,161.29803466796875,161.29803466796875,0.0,0.0026981910069783527
280,161.13949584960938,161.13949584960938,0.0,0.0035041213035583497
281,160.98165893554688,160.98165893554688,0.0,0.002548670768737793
282,160.82200622558594,160.82200622558594,0.0,0.002616576353708903
283,160.6656494140625,160.6656494140625,0.0,0.0036867817242940268
284,160.50973510742188,160.50973510742188,0.0,0.0026961207389831544
285,160.353515625,160.353515625,0.0,0.0026137749354044598
286,160.19827270507812,160.19827270507812,0.0,0.0025413155555725096
287,160.04403686523438,160.04403686523438,0.0,0.0035021026929219564
288,159.89028930664062,159.89028930664062,0.0,0.0028120001157124837
289,159.7367401123047,159.7367401123047,0.0,0.002843654155731201
290,159.58392333984375,159.58392333984375,0.0,0.0038732290267944336
291,159.4318389892578,159.4318389892578,0.0,0.0026111284891764323
292,159.2799072265625,159.2799072265625,0.0,0.0027572989463806154
293,159.13414001464844,159.13414001464844,0.0,0.003765392303466797
294,158.97872924804688,158.97872924804688,0.0,0.002716958522796631
295,158.8289031982422,158.8289031982422,0.0,0.002531929810841878
296,158.6793975830078,158.6793975830078,0.0,0.002686170736948649
297,158.53123474121094,158.53123474121094,0.0,0.0035810112953186036
298,158.38259887695312,158.38259887695312,0.0,0.002610166867574056
299,158.23532104492188,158.23532104492188,0.0,0.0026547869046529135
300,158.08843994140625,158.08843994140625,0.0,0.003684556484222412
301,157.94207763671875,157.94207763671875,0.0,0.002678950627644857
302,157.7969970703125,157.7969970703125,0.0,0.0026329398155212403
303,157.6512908935547,157.6512908935547,0.0,0.003430374463399251
304,157.50692749023438,157.50692749023438,0.0,0.002756329377492269
305,157.35972595214844,157.35972595214844,0.0,0.0026616533597310383
306,157.19070434570312,157.19070434570312,0.0,0.0037177085876464845
307,157.07620239257812,157.07620239257812,0.0,0.0025643428166707356
308,156.93531799316406,156.93531799316406,0.0,0.0024469772974650065
309,156.792236328125,156.792236328125,0.0,0.0026686668395996095
310,156.65103149414062,156.65103149414062,0.0,0.0034411748250325522
311,156.5103302001953,156.5103302001953,0.0,0.002683428923288981
312,156.3696746826172,156.3696746826172,0.0,0.002293225129445394
313,156.2306671142578,156.2306671142578,0.0,0.003686956564585368
314,156.09156799316406,156.09156799316406,0.0,0.002672247091929118
315,155.95362854003906,155.95362854003906,0.0,0.00248418649037679
316,155.81553649902344,155.81553649902344,0.0,0.00362473726272583
317,155.67837524414062,155.67837524414062,0.0,0.0025826295216878257
318,155.54159545898438,155.54159545898438,0.0,0.0024483084678649904
319,155.40603637695312,155.40603637695312,0.0,0.0027802228927612306
320,155.2708282470703,155.2708282470703,0.0,0.0035880287488301594
321,155.13597106933594,155.13597106933594,0.0,0.002478182315826416
322,155.0012969970703,155.0012969970703,0.0,0.002359771728515625
323,154.86729431152344,154.86729431152344,0.0,0.0036525686581929525
324,154.73486328125,154.73486328125,0.0,0.002433478832244873
325,154.60206604003906,154.60206604003906,0.0,0.002495114008585612
326,154.47012329101562,154.47012329101562,0.0,0.00345381498336792
327,154.33856201171875,154.33856201171875,0.0,0.002506446838378906
328,154.20697021484375,154.20697021484375,0.0,0.0027233362197875977
329,154.07769775390625,154.07769775390625,0.0,0.0028257369995117188
330,153.94586181640625,153.94586181640625,0.0,0.003735649585723877
331,153.8180389404297,153.8180389404297,0.0,0.0028034528096516926
332,153.689208984375,153.689208984375,0.0,0.002588220437367757
333,153.55226135253906,153.55226135253906,0.0,0.0034161011377970376
334,153.43307495117188,153.43307495117188,0.0,0.002739254633585612
335,153.3062744140625,153.3062744140625,0.0,0.002545805772145589
336,153.17950439453125,153.17950439453125,0.0,0.0038911183675130207
337,153.0536651611328,153.0536651611328,0.0,0.002650328477223714
338,152.92794799804688,152.92794799804688,0.0,0.0026948134104410808
339,152.80294799804688,152.80294799804688,0.0,0.0026257117589314777
340,152.67840576171875,152.67840576171875,0.0,0.003662065664927165
341,152.55471801757812,152.55471801757812,0.0,0.0025239030520121256
342,152.4308624267578,152.4308624267578,0.0,0.0026784181594848634
343,152.30813598632812,152.30813598632812,0.0,0.0033553441365559897
344,152.18519592285156,152.18519592285156,0.0,0.0026001930236816406
345,152.06373596191406,152.06373596191406,0.0,0.0024233500162760416
346,151.94149780273438,151.94149780273438,0.0,0.0034914414087931314
347,151.82113647460938,151.82113647460938,0.0,0.0026144186655680337
348,151.70108032226562,151.70108032226562,0.0,0.0024465163548787433
349,151.58042907714844,151.58042907714844,0.0,0.002457992235819499
350,151.46080017089844,151.46080017089844,0.0,0.0035033822059631348
351,151.34164428710938,151.34164428710938,0.0,0.002609841028849284
352,151.22329711914062,151.22329711914062,0.0,0.0023497700691223144
353,151.10499572753906,151.10499572753906,0.0,0.0036957462628682456
354,150.98753356933594,150.98753356933594,0.0,0.002534039815266927
355,150.870361328125,150.870361328125,0.0,0.002348077297210693
356,150.75363159179688,150.75363159179688,0.0,0.003488636016845703
357,150.6373748779297,150.6373748779297,0.0,0.002538696924845378
358,150.52169799804688,150.52169799804688,0.0,0.0023903409639994305
359,150.40634155273438,150.40634155273438,0.0,0.0035118420918782553
360,150.29153442382812,150.29153442382812,0.0,0.0024776180585225423
361,150.1772003173828,150.1772003173828,0.0,0.002216037114461263
362,150.06320190429688,150.06320190429688,0.0,0.0025696833928426106
363,149.9498291015625,149.9498291015625,0.0,0.0037335872650146483
364,149.8368377685547,149.8368377685547,0.0,0.002276762326558431
365,149.724365234375,149.724365234375,0.0,0.0027724782625834147
366,149.61227416992188,149.61227416992188,0.0,0.003422379493713379
367,149.50057983398438,149.50057983398438,0.0,0.0024773160616556804
368,149.38943481445312,149.38943481445312,0.0,0.002485175927480062
369,149.27880859375,149.27880859375,0.0,0.0034786144892374675
370,149.1686553955078,149.1686553955078,0.0,0.0024892608324686687
371,149.05860900878906,149.05860900878906,0.0,0.002475996812184652
372,148.9493408203125,148.9493408203125,0.0,0.0025432666142781576
373,148.84030151367188,148.84030151367188,0.0,0.0034938335418701174
374,148.73199462890625,148.73199462890625,0.0,0.0023136019706726076
375,148.62387084960938,148.62387084960938,0.0,0.0025399406750996906
376,148.5164031982422,148.5164031982422,0.0,0.0032720406850179034
377,148.4091796875,148.4091796875,0.0,0.002497291564941406
378,148.30262756347656,148.30262756347656,0.0,0.0025501569112141927
379,148.19630432128906,148.19630432128906,0.0,0.0036468982696533205
380,148.0901336669922,148.0901336669922,0.0,0.002466551462809245
381,147.98463439941406,147.98463439941406,0.0,0.0026917179425557454
382,147.87982177734375,147.87982177734375,0.0,0.002293888727823893
383,147.77618408203125,147.77618408203125,0.0,0.003512084484100342
384,147.67086791992188,147.67086791992188,0.0,0.002696828047434489
385,147.5677032470703,147.5677032470703,0.0,0.0025544563929239907
386,147.46426391601562,147.46426391601562,0.0,0.003382408618927002
387,147.36166381835938,147.36166381835938,0.0,0.0024933536847432454
388,147.25921630859375,147.25921630859375,0.0,0.002505767345428467
389,147.15711975097656,147.15711975097656,0.0,0.0039738893508911135
390,147.05557250976562,147.05557250976562,0.0,0.0026038606961568196
391,146.95452880859375,146.95452880859375,0.0,0.0027153730392456056
392,146.8536376953125,146.8536376953125,0.0,0.0025867621103922525
393,146.75331115722656,146.75331115722656,0.0,0.0035628755887349445
394,146.6532745361328,146.6532745361328,0.0,0.0024426857630411784
395,146.55380249023438,146.55380249023438,0.0,0.0024830857912699384
396,146.45469665527344,146.45469665527344,0.0,0.0036721110343933107
397,146.3559112548828,146.3559112548828,0.0,0.002313995361328125
398,146.2577667236328,146.2577667236328,0.0,0.0024900436401367188
399,146.15977478027344,146.15977478027344,0.0,0.0033380548159281415
400,146.0621337890625,146.0621337890625,0.0,0.0026401321093241373
401,145.96495056152344,145.96495056152344,0.0,0.002518963813781738
402,145.86830139160156,145.86830139160156,0.0,0.0034076968828837075
403,145.77206420898438,145.77206420898438,0.0,0.002724945545196533
404,145.67604064941406,145.67604064941406,0.0,0.0022614518801371258
405,145.58056640625,145.58056640625,0.0,0.0026094595591227214
406,145.4853973388672,145.4853973388672,0.0,0.003431999683380127
407,145.3906707763672,145.3906707763672,0.0,0.002667840321858724
408,145.29612731933594,145.29612731933594,0.0,0.002631851037343343
409,145.2022247314453,145.2022247314453,0.0,0.003267812728881836
410,145.1084747314453,145.1084747314453,0.0,0.002709182103474935
411,145.01539611816406,145.01539611816406,0.0,0.0024629831314086914
412,144.92247009277344,144.92247009277344,0.0,0.0036305705706278484
413,144.8297882080078,144.8297882080078,0.0,0.002550045649210612
414,144.7375946044922,144.7375946044922,0.0,0.0024526198705037434
415,144.64605712890625,144.64605712890625,0.0,0.0025556325912475587
416,144.55467224121094,144.55467224121094,0.0,0.0032777667045593263
417,144.46356201171875,144.46356201171875,0.0,0.0024228334426879884
418,144.37283325195312,144.37283325195312,0.0,0.0023985664049784344
419,144.28309631347656,144.28309631347656,0.0,0.003485111395517985
420,144.19342041015625,144.19342041015625,0.0,0.0022147218386332195
421,144.10333251953125,144.10333251953125,0.0,0.002242124080657959
422,144.0146026611328,144.0146026611328,0.0,0.0036901354789733885
423,143.92660522460938,143.92660522460938,0.0,0.002536431948343913
424,143.83755493164062,143.83755493164062,0.0,0.002644352118174235
425,143.74974060058594,143.74974060058594,0.0,0.0023622473080952963
426,143.6618194580078,143.6618194580078,0.0,0.00346751610438029
427,143.5749053955078,143.5749053955078,0.0,0.0024313131968180337
428,143.4878692626953,143.4878692626953,0.0,0.002471669514973958
429,143.40139770507812,143.40139770507812,0.0,0.0035864790280659992
430,143.3148956298828,143.3148956298828,0.0,0.002524073918660482
431,143.2290802001953,143.2290802001953,0.0,0.0026960213979085284
432,143.1442413330078,143.1442413330078,0.0,0.003594656785329183
433,143.05873107910156,143.05873107910156,0.0,0.0025244951248168945
434,142.97389221191406,142.97389221191406,0.0,0.0023232142130533854
435,142.8889617919922,142.8889617919922,0.0,0.002385556697845459
436,142.8053741455078,142.8053741455078,0.0,0.0037392735481262206
437,142.72158813476562,142.72158813476562,0.0,0.0025186816851298015
438,142.63821411132812,142.63821411132812,0.0,0.002461711565653483
439,142.5550994873047,142.5550994873047,0.0,0.0034743785858154298
440,142.47222900390625,142.47222900390625,0.0,0.002321743965148926
441,142.3899383544922,142.3899383544922,0.0,0.0024127642313639323
442,142.3082733154297,142.3082733154297,0.0,0.0037986954053243
443,142.22592163085938,142.22592163085938,0.0,0.00260848601659139
444,142.14466857910156,142.14466857910156,0.0,0.0025979081789652505
445,142.06271362304688,142.06271362304688,0.0,0.0037518620491027834
446,141.9818878173828,141.9818878173828,0.0,0.0029170989990234377
447,141.9031982421875,141.9031982421875,0.0,0.0023937106132507326
448,141.8226776123047,141.8226776123047,0.0,0.002810327212015788
449,141.74232482910156,141.74232482910156,0.0,0.0035802721977233887
450,141.66329956054688,141.66329956054688,0.0,0.002526593208312988
451,141.58421325683594,141.58421325683594,0.0,0.002400847276051839
452,141.5055694580078,141.5055694580078,0.0,0.0037449757258097333
453,141.42701721191406,141.42701721191406,0.0,0.0024298747380574544
454,141.34889221191406,141.34889221191406,0.0,0.0024708708127339682
455,141.27149963378906,141.27149963378906,0.0,0.0035219232241312662
456,141.1939239501953,141.1939239501953,0.0,0.002527439594268799
457,141.11656188964844,141.11656188964844,0.0,0.0022507389386494953
458,141.03982543945312,141.03982543945312,0.0,0.0036597132682800295
459,140.962890625,140.962890625,0.0,0.002540294329325358
460,140.8873748779297,140.8873748779297,0.0,0.002470262845357259
461,140.81063842773438,140.81063842773438,0.0,0.002447660764058431
462,140.73570251464844,140.73570251464844,0.0,0.003541704018910726
463,140.6600341796875,140.6600341796875,0.0,0.0024063984553019204
464,140.5847625732422,140.5847625732422,0.0,0.002546413739522298
465,140.51048278808594,140.51048278808594,0.0,0.0034894744555155435
466,140.43553161621094,140.43553161621094,0.0,0.0024653871854146323
467,140.36077880859375,140.36077880859375,0.0,0.0025287866592407227
468,140.288330078125,140.288330078125,0.0,0.0038041075070699057
469,140.21063232421875,140.21063232421875,0.0,0.0023322820663452147
470,140.1414794921875,140.1414794921875,0.0,0.002509888013203939
471,140.0684814453125,140.0684814453125,0.0,0.0024999022483825684
472,139.99571228027344,139.99571228027344,0.0,0.0033767223358154297
473,139.92355346679688,139.92355346679688,0.0,0.002318108081817627
474,139.8518524169922,139.8518524169922,0.0,0.0026042858759562173
475,139.77993774414062,139.77993774414062,0.0,0.0035851160685221356
476,139.70870971679688,139.70870971679688,0.0,0.002560710906982422
477,139.63784790039062,139.63784790039062,0.0,0.0023535966873168947
478,139.56674194335938,139.56674194335938,0.0,0.00351029634475708
479,139.49656677246094,139.49656677246094,0.0,0.0024714986483256023
480,139.42616271972656,139.42616271972656,0.0,0.0026219884554545083
481,139.35826110839844,139.35826110839844,0.0,0.002498801549275716
482,139.2869415283203,139.2869415283203,0.0,0.0032988786697387695
483,139.217529296875,139.217529296875,0.0,0.002634910742441813
484,139.14871215820312,139.14871215820312,0.0,0.0025591333707173664
485,139.0798797607422,139.0798797607422,0.0,0.0034904956817626955
486,139.01148986816406,139.01148986816406,0.0,0.0025826732317606607
487,138.943359375,138.943359375,0.0,0.0024727185567220054
488,138.87545776367188,138.87545776367188,0.0,0.003726291656494141
489,138.80776977539062,138.80776977539062,0.0,0.0027025659879048665
490,138.7403564453125,138.7403564453125,0.0,0.0026698708534240723
491,138.6732635498047,138.6732635498047,0.0,0.002606797218322754
492,138.6063995361328,138.6063995361328,0.0,0.0037094275156656902
493,138.5397186279297,138.5397186279297,0.0,0.002657481034596761
494,138.47340393066406,138.47340393066406,0.0,0.0024153788884480796
495,138.40731811523438,138.40731811523438,0.0,0.0038645188013712566
496,138.34141540527344,138.34141540527344,0.0,0.0026010950406392414
497,138.27584838867188,138.27584838867188,0.0,0.0027244885762532554
498,138.2105255126953,138.2105255126953,0.0,0.0034923473993937176
499,138.1454620361328,138.1454620361328,0.0,0.0025034586588541666
500,138.08067321777344,138.08067321777344,0.0,0.0025830984115600584
501,138.0160675048828,138.0160675048828,0.0,0.0036418755849202474
502,137.95176696777344,137.95176696777344,0.0,0.002503625551859538
503,137.8876495361328,137.8876495361328,0.0,0.002446118990580241
504,137.8238067626953,137.8238067626953,0.0,0.002494184176127116
505,137.7602081298828,137.7602081298828,0.0,0.003275136152903239
506,137.6968536376953,137.6968536376953,0.0,0.0026198546091715496
507,137.6339874267578,137.6339874267578,0.0,0.0024958332379659016
508,137.5713348388672,137.5713348388672,0.0,0.0036969820658365885
509,137.50851440429688,137.50851440429688,0.0,0.002582097053527832
510,137.4463653564453,137.4463653564453,0.0,0.002407066027323405
511,137.3843536376953,137.3843536376953,0.0,0.003625007470448812
512,137.32229614257812,137.32229614257812,0.0,0.002513587474822998
513,137.26158142089844,137.26158142089844,0.0,0.002598774433135986
514,137.19924926757812,137.19924926757812,0.0,0.0025114576021830243
515,137.13824462890625,137.13824462890625,0.0,0.003269819418589274
516,137.0771942138672,137.0771942138672,0.0,0.0025307138760884604
517,137.01644897460938,137.01644897460938,0.0,0.0026647369066874187
518,136.9560546875,136.9560546875,0.0,0.0035890499750773114
519,136.89581298828125,136.89581298828125,0.0,0.0023600061734517417
520,136.83583068847656,136.83583068847656,0.0,0.002507293224334717
521,136.776123046875,136.776123046875,0.0,0.003634524345397949
522,136.7166290283203,136.7166290283203,0.0,0.002528548240661621
523,136.65748596191406,136.65748596191406,0.0,0.0025412718454996745
524,136.598388671875,136.598388671875,0.0,0.0025670409202575685
525,136.5397491455078,136.5397491455078,0.0,0.0035897175470987956
526,136.4811248779297,136.4811248779297,0.0,0.0026566783587137857
527,136.4228973388672,136.4228973388672,0.0,0.00232239564259847
528,136.3648681640625,136.3648681640625,0.0,0.0033101677894592286
529,136.30706787109375,136.30706787109375,0.0,0.0030349175135294597
530,136.24942016601562,136.24942016601562,0.0,0.0024105310440063477
531,136.192138671875,136.192138671875,0.0,0.003551594416300456
532,136.13497924804688,136.13497924804688,0.0,0.0024250109990437826
533,136.0779266357422,136.0779266357422,0.0,0.0024514158566792807
534,136.02159118652344,136.02159118652344,0.0,0.0025019367535909017
535,135.9650115966797,135.9650115966797,0.0,0.003527561823527018
536,135.90895080566406,135.90895080566406,0.0,0.0025244911511739096
537,135.85292053222656,135.85292053222656,0.0,0.0024715264638264975
538,135.79730224609375,135.79730224609375,0.0,0.003582592805226644
539,135.74172973632812,135.74172973632812,0.0,0.002416253089904785
540,135.68650817871094,135.68650817871094,0.0,0.0024979154268900553
541,135.63134765625,135.63134765625,0.0,0.0037069042523701985
542,135.5765380859375,135.5765380859375,0.0,0.0026233474413553874
543,135.52188110351562,135.52188110351562,0.0,0.002660250663757324
544,135.4674072265625,135.4674072265625,0.0,0.002688916524251302
545,135.41351318359375,135.41351318359375,0.0,0.0036643385887145997
546,135.3590545654297,135.3590545654297,0.0,0.0025905330975850424
547,135.3054656982422,135.3054656982422,0.0,0.0025644580523173015
548,135.25244140625,135.25244140625,0.0,0.003619662920633952
549,135.19845581054688,135.19845581054688,0.0,0.0024411360422770183
550,135.1450958251953,135.1450958251953,0.0,0.0025606155395507812
551,135.09356689453125,135.09356689453125,0.0,0.0033971150716145832
552,135.0396728515625,135.0396728515625,0.0,0.0027548829714457196
553,134.9873809814453,134.9873809814453,0.0,0.0023766199747721354
554,134.9352569580078,134.9352569580078,0.0,0.0035851637522379557
555,134.8836212158203,134.8836212158203,0.0,0.0026106437047322593
556,134.83168029785156,134.83168029785156,0.0,0.002509744962056478
557,134.7801971435547,134.7801971435547,0.0,0.0025456508000691732
558,134.72879028320312,134.72879028320312,0.0,0.003425920009613037
559,134.67771911621094,134.67771911621094,0.0,0.0026709636052449546
560,134.62689208984375,134.62689208984375,0.0,0.002495853106180827
561,134.5758514404297,134.5758514404297,0.0,0.0036081393559773763
562,134.52548217773438,134.52548217773438,0.0,0.002402071158091227
563,134.47476196289062,134.47476196289062,0.0,0.002663997809092204
564,134.42478942871094,134.42478942871094,0.0,0.0035612106323242186
565,134.3758544921875,134.3758544921875,0.0,0.0025551756223042804
566,134.32521057128906,134.32521057128906,0.0,0.002565173308054606
567,134.27557373046875,134.27557373046875,0.0,0.0025861144065856935
568,134.22601318359375,134.22601318359375,0.0,0.004090213775634765
569,134.1769561767578,134.1769561767578,0.0,0.002538454532623291
570,134.12789916992188,134.12789916992188,0.0,0.00246808131535848
571,134.0790557861328,134.0790557861328,0.0,0.003621665636698405
572,134.03033447265625,134.03033447265625,0.0,0.002493445078531901
573,133.98193359375,133.98193359375,0.0,0.0024140199025472005
574,133.9336395263672,133.9336395263672,0.0,0.0034829497337341307
575,133.8854217529297,133.8854217529297,0.0,0.0025130589803059895
576,133.83749389648438,133.83749389648438,0.0,0.0027665019035339354
577,133.7895965576172,133.7895965576172,0.0,0.0027407447497049967
578,133.74205017089844,133.74205017089844,0.0,0.0035980860392252605
579,133.69459533691406,133.69459533691406,0.0,0.0026396751403808595
580,133.64732360839844,133.64732360839844,0.0,0.0025475462277730304
581,133.60028076171875,133.60028076171875,0.0,0.0035924712816874185
582,133.55322265625,133.55322265625,0.0,0.0024958014488220214
583,133.50682067871094,133.50682067871094,0.0,0.002449520428975423
584,133.4600067138672,133.4600067138672,0.0,0.003692468007405599
585,133.41357421875,133.41357421875,0.0,0.0024230162302652995
586,133.3672637939453,133.3672637939453,0.0,0.0024760087331136067
587,133.3212127685547,133.3212127685547,0.0,0.0025170564651489256
588,133.2754669189453,133.2754669189453,0.0,0.0036675612131754558
589,133.229736328125,133.229736328125,0.0,0.0025667548179626465
590,133.18409729003906,133.18409729003906,0.0,0.0026232719421386717
591,133.13868713378906,133.13868713378906,0.0,0.0037082791328430175
592,133.09347534179688,133.09347534179688,0.0,0.00261996587117513
593,133.04852294921875,133.04852294921875,0.0,0.0026017427444458008
594,133.0036163330078,133.0036163330078,0.0,0.003612673282623291
595,132.95912170410156,132.95912170410156,0.0,0.0026430209477742513
596,132.9143524169922,132.9143524169922,0.0,0.002400851249694824
597,132.87005615234375,132.87005615234375,0.0,0.0024227182070414226
598,132.82603454589844,132.82603454589844,0.0,0.0037389198939005532
599,132.78167724609375,132.78167724609375,0.0,0.0026925126711527508
600,132.73768615722656,132.73768615722656,0.0,0.002607440948486328
601,132.693603515625,132.693603515625,0.0,0.0036470214525858562
602,132.65110778808594,132.65110778808594,0.0,0.0026046117146809895
603,132.60696411132812,132.60696411132812,0.0,0.00269543727238973
604,132.56398010253906,132.56398010253906,0.0,0.003504594167073568
605,132.52078247070312,132.52078247070312,0.0,0.002647574742635091
606,132.47792053222656,132.47792053222656,0.0,0.002533145745595296
607,132.43502807617188,132.43502807617188,0.0,0.0036220550537109375
608,132.39251708984375,132.39251708984375,0.0,0.0025515039761861164
609,132.3499298095703,132.3499298095703,0.0,0.002465848128000895
610,132.3077850341797,132.3077850341797,0.0,0.0022628426551818846
611,132.26556396484375,132.26556396484375,0.0,0.003349161148071289
612,132.22341918945312,132.22341918945312,0.0,0.0024186094601949056
613,132.1818389892578,132.1818389892578,0.0,0.00265198548634847
614,132.14004516601562,132.14004516601562,0.0,0.0033161203066507977
615,132.09861755371094,132.09861755371094,0.0,0.00272069772084554
616,132.0572052001953,132.0572052001953,0.0,0.002357510725657145
617,132.01612854003906,132.01612854003906,0.0,0.003873737653096517
618,131.97509765625,131.97509765625,0.0,0.0023666103680928547
619,131.9357147216797,131.9357147216797,0.0,0.00262602965037028
620,131.89349365234375,131.89349365234375,0.0,0.0024393836657206217
621,131.8532257080078,131.8532257080078,0.0,0.0035919944445292154
622,131.81317138671875,131.81317138671875,0.0,0.0024544517199198406
623,131.77308654785156,131.77308654785156,0.0,0.002512919902801514
624,131.73316955566406,131.73316955566406,0.0,0.003553672631581624
625,131.69338989257812,131.69338989257812,0.0,0.0025264700253804524
626,131.65362548828125,131.65362548828125,0.0,0.0024891138076782227
627,131.6142578125,131.6142578125,0.0,0.0035673856735229494
628,131.57479858398438,131.57479858398438,0.0,0.002508842945098877
629,131.5354766845703,131.5354766845703,0.0,0.002567736307779948
630,131.4964141845703,131.4964141845703,0.0,0.0036116560300191243
631,131.4574737548828,131.4574737548828,0.0,0.002437301476796468
632,131.41856384277344,131.41856384277344,0.0,0.0025714794794718427
633,131.37899780273438,131.37899780273438,0.0,0.0025664885838826497
634,131.34130859375,131.34130859375,0.0,0.0034842491149902344
635,131.30279541015625,131.30279541015625,0.0,0.0023421406745910644
636,131.26431274414062,131.26431274414062,0.0,0.00267488956451416
637,131.22605895996094,131.22605895996094,0.0,0.0034940282503763834
638,131.1878204345703,131.1878204345703,0.0,0.0025385538736979168
639,131.1500244140625,131.1500244140625,0.0,0.0025364915529886884
640,131.1123504638672,131.1123504638672,0.0,0.00375900665918986
641,131.0740966796875,131.0740966796875,0.0,0.002627432346343994
642,131.03648376464844,131.03648376464844,0.0,0.0026262680689493815
643,130.9998779296875,130.9998779296875,0.0,0.0025953014691670736
644,130.96206665039062,130.96206665039062,0.0,0.0036467671394348144
645,130.92495727539062,130.92495727539062,0.0,0.002642619609832764
646,130.88648986816406,130.88648986816406,0.0,0.002641300360361735
647,130.85079956054688,130.85079956054688,0.0,0.0035305023193359375
648,130.8139190673828,130.8139190673828,0.0,0.002536336580912272
649,130.777099609375,130.777099609375,0.0,0.0024453043937683106
650,130.74057006835938,130.74057006835938,0.0,0.003513189156850179
651,130.7041473388672,130.7041473388672,0.0,0.002635347843170166
652,130.66786193847656,130.66786193847656,0.0,0.0024788777033487954
653,130.63156127929688,130.63156127929688,0.0,0.003603629271189372
654,130.59552001953125,130.59552001953125,0.0,0.0025252620379130047
655,130.55958557128906,130.55958557128906,0.0,0.002386029561360677
656,130.52389526367188,130.52389526367188,0.0,0.0025639851888020833
657,130.48822021484375,130.48822021484375,0.0,0.0035283446311950685
658,130.45269775390625,130.45269775390625,0.0,0.002322109540303548
659,130.41714477539062,130.41714477539062,0.0,0.0027463078498840333
660,130.3819122314453,130.3819122314453,0.0,0.0032674431800842284
661,130.3470001220703,130.3470001220703,0.0,0.002543361981709798
662,130.31170654296875,130.31170654296875,0.0,0.0025719046592712403
663,130.277099609375,130.277099609375,0.0,0.003582334518432617
664,130.2424774169922,130.2424774169922,0.0,0.002465697129567464
665,130.2075958251953,130.2075958251953,0.0,0.002549302577972412
666,130.17274475097656,130.17274475097656,0.0,0.0025414307912190754
667,130.13218688964844,130.13218688964844,0.0,0.0032587607701619467
668,130.1049346923828,130.1049346923828,0.0,0.002772808074951172
669,130.0704803466797,130.0704803466797,0.0,0.0025493661562601727
670,130.03665161132812,130.03665161132812,0.0,0.0035292943318684894
671,130.0026397705078,130.0026397705078,0.0,0.002550482749938965
672,129.97132873535156,129.97132873535156,0.0,0.002508370081583659
673,129.93606567382812,129.93606567382812,0.0,0.003264049688975016
674,129.903564453125,129.903564453125,0.0,0.002470886707305908
675,129.87066650390625,129.87066650390625,0.0,0.0024748961130777996
676,129.8378143310547,129.8378143310547,0.0,0.0024671594301859537
677,129.80528259277344,129.80528259277344,0.0,0.00355910857518514
678,129.7726287841797,129.7726287841797,0.0,0.0022690733273824054
679,129.7402801513672,129.7402801513672,0.0,0.0024405399958292644
680,129.70802307128906,129.70802307128906,0.0,0.0037143468856811524
681,129.675537109375,129.675537109375,0.0,0.0025685628255208335
682,129.64364624023438,129.64364624023438,0.0,0.002249411741892497
683,129.6114959716797,129.6114959716797,0.0,0.003711660703023275
684,129.57945251464844,129.57945251464844,0.0,0.0025284409523010252
685,129.54750061035156,129.54750061035156,0.0,0.0025320132573445637
686,129.51571655273438,129.51571655273438,0.0,0.002558612823486328
687,129.48397827148438,129.48397827148438,0.0,0.003611552715301514
688,129.4523468017578,129.4523468017578,0.0,0.002700479825337728
689,129.42092895507812,129.42092895507812,0.0,0.002739413579305013
690,129.38885498046875,129.38885498046875,0.0,0.003895572821299235
691,129.35830688476562,129.35830688476562,0.0,0.002703535556793213
692,129.32614135742188,129.32614135742188,0.0,0.002561338742574056
693,129.2953643798828,129.2953643798828,0.0,0.0036069750785827637
694,129.26443481445312,129.26443481445312,0.0,0.0025502761205037435
695,129.2333221435547,129.2333221435547,0.0,0.002494704723358154
696,129.20254516601562,129.20254516601562,0.0,0.00247571070988973
697,129.17172241210938,129.17172241210938,0.0,0.0032890756924947103
698,129.14114379882812,129.14114379882812,0.0,0.002679582436879476
699,129.1106414794922,129.1106414794922,0.0,0.0023551305135091146
700,129.0800323486328,129.0800323486328,0.0,0.0036307255427042644
701,129.0496368408203,129.0496368408203,0.0,0.002468395233154297
702,129.0194854736328,129.0194854736328,0.0,0.0023436983426411945
703,128.9891357421875,128.9891357421875,0.0,0.0035706837972005207
704,128.95921325683594,128.95921325683594,0.0,0.0025930205980936685
705,128.92921447753906,128.92921447753906,0.0,0.002520175774892171
706,128.89932250976562,128.89932250976562,0.0,0.0033446431159973146
707,128.86956787109375,128.86956787109375,0.0,0.0026251872380574546
708,128.83982849121094,128.83982849121094,0.0,0.0023299415906270346
709,128.8102569580078,128.8102569580078,0.0,0.002577471733093262
710,128.7806854248047,128.7806854248047,0.0,0.003385317325592041
711,128.7515411376953,128.7515411376953,0.0,0.0025296767552693685
712,128.72193908691406,128.72193908691406,0.0,0.002587119738260905
713,128.6929168701172,128.6929168701172,0.0,0.0033119956652323404
714,128.66358947753906,128.66358947753906,0.0,0.002637481689453125
715,128.6349639892578,128.6349639892578,0.0,0.0024106462796529135
716,128.60597229003906,128.60597229003906,0.0,0.003288106123606364
717,128.57725524902344,128.57725524902344,0.0,0.0027082324028015136
718,128.5482940673828,128.5482940673828,0.0,0.0023719032605489096
719,128.51971435546875,128.51971435546875,0.0,0.0025915741920471192
720,128.4911346435547,128.4911346435547,0.0,0.0035222530364990234
721,128.4628448486328,128.4628448486328,0.0,0.00255359411239624
722,128.4344024658203,128.4344024658203,0.0,0.0024436235427856444
723,128.40618896484375,128.40618896484375,0.0,0.0035825133323669433
724,128.37806701660156,128.37806701660156,0.0,0.002485990524291992
725,128.35009765625,128.35009765625,0.0,0.0023140867551167807
726,128.3218994140625,128.3218994140625,0.0,0.003728934129079183
727,128.29405212402344,128.29405212402344,0.0,0.0025059819221496583
728,128.2663116455078,128.2663116455078,0.0,0.0027210076649983725
729,128.23861694335938,128.23861694335938,0.0,0.0027349154154459637
730,128.2109375,128.2109375,0.0,0.003353305657704671
731,128.18331909179688,128.18331909179688,0.0,0.00262833833694458
732,128.15570068359375,128.15570068359375,0.0,0.0024596254030863443
733,128.12831115722656,128.12831115722656,0.0,0.003452046712239583
734,128.10107421875,128.10107421875,0.0,0.002554885546366374
735,128.073974609375,128.073974609375,0.0,0.002521948019663493
736,128.04681396484375,128.04681396484375,0.0,0.003471815586090088
737,128.019775390625,128.019775390625,0.0,0.0026811639467875163
738,127.99272155761719,127.99272155761719,0.0,0.0025260210037231444
739,127.9658203125,127.9658203125,0.0,0.0024785280227661135
740,127.93896484375,127.93896484375,0.0,0.003794550895690918
741,127.91231536865234,127.91231536865234,0.0,0.0026303728421529136
742,127.88567352294922,127.88567352294922,0.0,0.002619663874308268
743,127.85901641845703,127.85901641845703,0.0,0.0036736448605855306
744,127.8326416015625,127.8326416015625,0.0,0.0026262283325195314
745,127.80613708496094,127.80613708496094,0.0,0.002593994140625
746,127.77979278564453,127.77979278564453,0.0,0.0036299546559651692
747,127.7535400390625,127.7535400390625,0.0,0.002485994497934977
748,127.7273178100586,127.7273178100586,0.0,0.0024543205897013345
749,127.70128631591797,127.70128631591797,0.0,0.0023506919542948404
750,127.67533111572266,127.67533111572266,0.0,0.003630189100901286
751,127.6493148803711,127.6493148803711,0.0,0.0025554855664571127
752,127.62347412109375,127.62347412109375,0.0,0.00244367520014445
753,127.59761047363281,127.59761047363281,0.0,0.0033819119135538736
754,127.57195281982422,127.57195281982422,0.0,0.0025118072827657063
755,127.54623413085938,127.54623413085938,0.0,0.002444001038869222
756,127.52063751220703,127.52063751220703,0.0,0.003608667850494385
757,127.49525451660156,127.49525451660156,0.0,0.002662181854248047
758,127.46984100341797,127.46984100341797,0.0,0.00254669189453125
759,127.44448852539062,127.44448852539062,0.0,0.0033590038617451984
760,127.4193115234375,127.4193115234375,0.0,0.00266114075978597
761,127.39411926269531,127.39411926269531,0.0,0.0025494654973347982
762,127.36911010742188,127.36911010742188,0.0,0.002322741349538167
763,127.34416198730469,127.34416198730469,0.0,0.0036412715911865235
764,127.31864929199219,127.31864929199219,0.0,0.0026118199030558268
765,127.29277038574219,127.29277038574219,0.0,0.002402325471242269
766,127.26893615722656,127.26893615722656,0.0,0.003401076793670654
767,127.24388122558594,127.24388122558594,0.0,0.0025797486305236816
768,127.21916198730469,127.21916198730469,0.0,0.002361456553141276
769,127.19436645507812,127.19436645507812,0.0,0.0035723567008972166
770,127.1697769165039,127.1697769165039,0.0,0.002498185634613037
771,127.14513397216797,127.14513397216797,0.0,0.0025793075561523437
772,127.12053680419922,127.12053680419922,0.0,0.002415291468302409
773,127.0960922241211,127.0960922241211,0.0,0.0034893592198689777
774,127.07186126708984,127.07186126708984,0.0,0.0023926377296447756
775,127.04750061035156,127.04750061035156,0.0,0.0024840911229451496
776,127.02313232421875,127.02313232421875,0.0,0.0034317533175150555
777,126.99907684326172,126.99907684326172,0.0,0.002497959136962891
778,126.97493743896484,126.97493743896484,0.0,0.0025574644406636555
779,126.95085144042969,126.95085144042969,0.0,0.0035621205965677897
780,126.92620086669922,126.92620086669922,0.0,0.0024342854817708333
781,126.90313720703125,126.90313720703125,0.0,0.0023373206456502277
782,126.87907409667969,126.87907409667969,0.0,0.0026664058367411297
783,126.85530853271484,126.85530853271484,0.0,0.0032352248827616373
784,126.83110046386719,126.83110046386719,0.0,0.002705025672912598
785,126.8078842163086,126.8078842163086,0.0,0.002461246649424235
786,126.78411102294922,126.78411102294922,0.0,0.003420559565226237
787,126.76074981689453,126.76074981689453,0.0,0.0027986725171407064
788,126.73709106445312,126.73709106445312,0.0,0.0027011513710021974
789,126.7138442993164,126.7138442993164,0.0,0.003660730520884196
790,126.69038391113281,126.69038391113281,0.0,0.0026238163312276206
791,126.66716766357422,126.66716766357422,0.0,0.0026270190874735514
792,126.6441421508789,126.6441421508789,0.0,0.002684644858042399
793,126.62106323242188,126.62106323242188,0.0,0.003596035639444987
794,126.59860229492188,126.59860229492188,0.0,0.0025072018305460613
795,126.574951171875,126.574951171875,0.0,0.0024798234303792317
796,126.55179595947266,126.55179595947266,0.0,0.003456564744313558
797,126.52918243408203,126.52918243408203,0.0,0.0023736198743184406
798,126.50630950927734,126.50630950927734,0.0,0.002634843190511068
799,126.48345184326172,126.48345184326172,0.0,0.0035697976748148602
800,126.46054077148438,126.46054077148438,0.0,0.0024370471636454265
801,126.43867492675781,126.43867492675781,0.0,0.0025126894315083822
802,126.4154281616211,126.4154281616211,0.0,0.0036429882049560545
803,126.39308166503906,126.39308166503906,0.0,0.0025273998578389484
804,126.3702163696289,126.3702163696289,0.0,0.0026279131571451822
805,126.34808349609375,126.34808349609375,0.0,0.003449559211730957
806,126.32508850097656,126.32508850097656,0.0,0.0025528907775878907
807,126.30401611328125,126.30401611328125,0.0,0.0024443586667378743
808,126.2806167602539,126.2806167602539,0.0,0.002394513289133708
809,126.25853729248047,126.25853729248047,0.0,0.003510701656341553
810,126.23622131347656,126.23622131347656,0.0,0.0024784644444783527
811,126.2140884399414,126.2140884399414,0.0,0.002706627051035563
812,126.19188690185547,126.19188690185547,0.0,0.0034688631693522137
813,126.17013549804688,126.17013549804688,0.0,0.0024913867314656575
814,126.14823150634766,126.14823150634766,0.0,0.0022954424222310383
815,126.12626647949219,126.12626647949219,0.0,0.0036598881085713702
816,126.10440826416016,126.10440826416016,0.0,0.0027282992998758954
817,126.08306884765625,126.08306884765625,0.0,0.0025313774744669597
818,126.0615005493164,126.0615005493164,0.0,0.0024928609530131024
819,126.04019165039062,126.04019165039062,0.0,0.00331266721089681
820,126.01830291748047,126.01830291748047,0.0,0.002691515286763509
821,125.99796295166016,125.99796295166016,0.0,0.0023123900095621745
822,125.97498321533203,125.97498321533203,0.0,0.0036577304204305013
823,125.95476531982422,125.95476531982422,0.0,0.0025042057037353515
824,125.9336166381836,125.9336166381836,0.0,0.002519524097442627
825,125.91211700439453,125.91211700439453,0.0,0.0034618020057678224
826,125.89118194580078,125.89118194580078,0.0,0.002538251876831055
827,125.87037658691406,125.87037658691406,0.0,0.00261381467183431
828,125.84912109375,125.84912109375,0.0,0.002481706937154134
829,125.82828521728516,125.82828521728516,0.0,0.003502043088277181
830,125.80754852294922,125.80754852294922,0.0,0.0024487972259521484
831,125.78641510009766,125.78641510009766,0.0,0.0024927934010823567
832,125.76604461669922,125.76604461669922,0.0,0.0035443504651387534
833,125.74497985839844,125.74497985839844,0.0,0.002609864870707194
834,125.7238998413086,125.7238998413086,0.0,0.002306067943572998
835,125.70366668701172,125.70366668701172,0.0,0.003717144330342611
836,125.68526458740234,125.68526458740234,0.0,0.002410268783569336
837,125.66258239746094,125.66258239746094,0.0,0.0025107741355895998
838,125.64258575439453,125.64258575439453,0.0,0.002489765485127767
839,125.62311553955078,125.62311553955078,0.0,0.00347365935643514
840,125.60247039794922,125.60247039794922,0.0,0.002608033021291097
841,125.58208465576172,125.58208465576172,0.0,0.0026057998339335123
842,125.56177520751953,125.56177520751953,0.0,0.0037445863087972003
843,125.54271697998047,125.54271697998047,0.0,0.002716680367787679
844,125.522216796875,125.522216796875,0.0,0.0026252071062723794
845,125.50198364257812,125.50198364257812,0.0,0.0037239511807759603
846,125.48149108886719,125.48149108886719,0.0,0.0023420015970865887
847,125.46215057373047,125.46215057373047,0.0,0.002683842182159424
848,125.44198608398438,125.44198608398438,0.0,0.0025261878967285157
849,125.42216491699219,125.42216491699219,0.0,0.003319247563680013
850,125.40260314941406,125.40260314941406,0.0,0.0025626818339029946
851,125.38240051269531,125.38240051269531,0.0,0.0025775353113810223
852,125.36327362060547,125.36327362060547,0.0,0.0034470160802205405
853,125.34321594238281,125.34321594238281,0.0,0.0025860071182250977
854,125.3232650756836,125.3232650756836,0.0,0.0023132960001627603
855,125.3041763305664,125.3041763305664,0.0,0.0033467809359232583
856,125.28477478027344,125.28477478027344,0.0,0.002662849426269531
857,125.26599884033203,125.26599884033203,0.0,0.0026199738184611004
858,125.2457504272461,125.2457504272461,0.0,0.003341352939605713
859,125.2262191772461,125.2262191772461,0.0,0.0025301337242126464
860,125.20713806152344,125.20713806152344,0.0,0.002459696928660075
861,125.18800354003906,125.18800354003906,0.0,0.002643175919850667
862,125.16915893554688,125.16915893554688,0.0,0.0034938971201578777
863,125.14946746826172,125.14946746826172,0.0,0.0024986028671264648
864,125.130615234375,125.130615234375,0.0,0.002531154950459798
865,125.111083984375,125.111083984375,0.0,0.0036681969960530598
866,125.0923843383789,125.0923843383789,0.0,0.0025280237197875975
867,125.07368469238281,125.07368469238281,0.0,0.0024132847785949705
868,125.05536651611328,125.05536651611328,0.0,0.003556227684020996
869,125.0360336303711,125.0360336303711,0.0,0.00258633295694987
870,125.01734924316406,125.01734924316406,0.0,0.002457900842030843
871,124.99893188476562,124.99893188476562,0.0,0.0024773796399434407
872,124.97996520996094,124.97996520996094,0.0,0.0035056153933207194
873,124.96080017089844,124.96080017089844,0.0,0.002482322851816813
874,124.9422378540039,124.9422378540039,0.0,0.0022518475850423175
875,124.9238510131836,124.9238510131836,0.0,0.003751397132873535
876,124.90467071533203,124.90467071533203,0.0,0.002287920316060384
877,124.88643646240234,124.88643646240234,0.0,0.0026672681172688804
878,124.8675537109375,124.8675537109375,0.0,0.0036113500595092774
879,124.84884643554688,124.84884643554688,0.0,0.002312787373860677
880,124.83036804199219,124.83036804199219,0.0,0.0024503310521443683
881,124.81193542480469,124.81193542480469,0.0,0.0026608745257059732
882,124.793701171875,124.793701171875,0.0,0.0032028992970784503
883,124.77513122558594,124.77513122558594,0.0,0.0024244030316670734
884,124.75703430175781,124.75703430175781,0.0,0.002464703718821208
885,124.73811340332031,124.73811340332031,0.0,0.0035048445065816243
886,124.72689819335938,124.72689819335938,0.0,0.0025345365206400554
887,124.70146179199219,124.70146179199219,0.0,0.002581965923309326
888,124.68311309814453,124.68311309814453,0.0,0.0037597060203552247
889,124.6641616821289,124.6641616821289,0.0,0.0025913437207539876
890,124.6460952758789,124.6460952758789,0.0,0.002547132968902588
891,124.62040710449219,124.62040710449219,0.0,0.002624332904815674
892,124.60912322998047,124.60912322998047,0.0,0.0035919467608133953
893,124.59097290039062,124.59097290039062,0.0,0.0025387922922770183
894,124.57243347167969,124.57243347167969,0.0,0.0025403698285420737
895,124.5536880493164,124.5536880493164,0.0,0.0035001357396443685
896,124.53610229492188,124.53610229492188,0.0,0.0024285078048706054
897,124.51771545410156,124.51771545410156,0.0,0.0024251540501912436
898,124.49971771240234,124.49971771240234,0.0,0.003574196497599284
899,124.48219299316406,124.48219299316406,0.0,0.0023206432660420736
900,124.46432495117188,124.46432495117188,0.0,0.0026001572608947755
901,124.44652557373047,124.44652557373047,0.0,0.0033769130706787108
902,124.42794799804688,124.42794799804688,0.0,0.002898093064626058
903,124.41218566894531,124.41218566894531,0.0,0.00231858491897583
904,124.3936538696289,124.3936538696289,0.0,0.002500879764556885
905,124.37638092041016,124.37638092041016,0.0,0.003617513179779053
906,124.35846710205078,124.35846710205078,0.0,0.0024320602416992186
907,124.34100341796875,124.34100341796875,0.0,0.0026281992594401043
908,124.32359313964844,124.32359313964844,0.0,0.003486927350362142
909,124.30616760253906,124.30616760253906,0.0,0.0024921337763468424
910,124.28887939453125,124.28887939453125,0.0,0.0022673765818277997
911,124.27186584472656,124.27186584472656,0.0,0.003695825735727946
912,124.25438690185547,124.25438690185547,0.0,0.0024794340133666992
913,124.23683166503906,124.23683166503906,0.0,0.0025120894114176433
914,124.2203598022461,124.2203598022461,0.0,0.002535216013590495
915,124.2028579711914,124.2028579711914,0.0,0.0035022894541422525
916,124.18561553955078,124.18561553955078,0.0,0.0022191445032755533
917,124.16902160644531,124.16902160644531,0.0,0.002619961897532145
918,124.15196990966797,124.15196990966797,0.0,0.003577852249145508
919,124.13431549072266,124.13431549072266,0.0,0.0025824864705403646
920,124.11815643310547,124.11815643310547,0.0,0.0023221373558044434
921,124.10115051269531,124.10115051269531,0.0,0.003548785050710042
922,124.08457946777344,124.08457946777344,0.0,0.0025777141253153484
923,124.06705474853516,124.06705474853516,0.0,0.0022730946540832518
924,124.05036926269531,124.05036926269531,0.0,0.002502036094665527
925,124.03307342529297,124.03307342529297,0.0,0.003715062141418457
926,124.01652526855469,124.01652526855469,0.0,0.0025048017501831054
927,123.99978637695312,123.99978637695312,0.0,0.0022755940755208332
928,123.98310089111328,123.98310089111328,0.0,0.0037208716074625652
929,123.9665756225586,123.9665756225586,0.0,0.002516031265258789
930,123.94921875,123.94921875,0.0,0.002510253588358561
931,123.93241882324219,123.93241882324219,0.0,0.003599997361501058
932,123.91608428955078,123.91608428955078,0.0,0.0025409539540608723
933,123.89971923828125,123.89971923828125,0.0,0.002338858445485433
934,123.88300323486328,123.88300323486328,0.0,0.002681299050649007
935,123.8666763305664,123.8666763305664,0.0,0.0034351150194803872
936,123.85004425048828,123.85004425048828,0.0,0.002314313252766927
937,123.83343505859375,123.83343505859375,0.0,0.0025988260904947916
938,123.81693267822266,123.81693267822266,0.0,0.0033818801244099935
939,123.79985046386719,123.79985046386719,0.0,0.002437408765157064
940,123.78363800048828,123.78363800048828,0.0,0.0025927225748697915
941,123.76789855957031,123.76789855957031,0.0,0.0037167628606160482
942,123.7514419555664,123.7514419555664,0.0,0.0027219454447428384
943,123.73479461669922,123.73479461669922,0.0,0.002621662616729736
944,123.71810150146484,123.71810150146484,0.0,0.00259857972462972
945,123.70199584960938,123.70199584960938,0.0,0.0036121050516764322
946,123.68534088134766,123.68534088134766,0.0,0.002445363998413086
947,123.6688003540039,123.6688003540039,0.0,0.002468371391296387
948,123.6530532836914,123.6530532836914,0.0,0.0035202940305074054
949,123.63666534423828,123.63666534423828,0.0,0.0024171272913614907
950,123.62030029296875,123.62030029296875,0.0,0.0025890588760375975
951,123.6042709350586,123.6042709350586,0.0,0.003531968593597412
952,123.588134765625,123.588134765625,0.0,0.0023282130559285482
953,123.57164001464844,123.57164001464844,0.0,0.0025366465250651043
954,123.5557861328125,123.5557861328125,0.0,0.0035938223203023276
955,123.53972625732422,123.53972625732422,0.0,0.0024787942568461102
956,123.52362823486328,123.52362823486328,0.0,0.0023383100827534995
957,123.50772857666016,123.50772857666016,0.0,0.0025703112284342446
958,123.49173736572266,123.49173736572266,0.0,0.0036248167355855307
959,123.4757308959961,123.4757308959961,0.0,0.002310816446940104
960,123.45983123779297,123.45983123779297,0.0,0.002492705980936686
961,123.4437255859375,123.4437255859375,0.0,0.0033618450164794923
962,123.42781829833984,123.42781829833984,0.0,0.0026264111200968426
963,123.41236114501953,123.41236114501953,0.0,0.0026260058085123697
964,123.39622497558594,123.39622497558594,0.0,0.0036040782928466798
965,123.38117980957031,123.38117980957031,0.0,0.0024909019470214845
966,123.36483764648438,123.36483764648438,0.0,0.002552640438079834
967,123.34923553466797,123.34923553466797,0.0,0.002331105868021647
968,123.33355712890625,123.33355712890625,0.0,0.00349122683207194
969,123.3180160522461,123.3180160522461,0.0,0.002603475252787272
970,123.30201721191406,123.30201721191406,0.0,0.0022710402806599933
971,123.28643798828125,123.28643798828125,0.0,0.0036804874738057456
972,123.27079772949219,123.27079772949219,0.0,0.0025329391161600747
973,123.25545501708984,123.25545501708984,0.0,0.0022434035936991373
974,123.2401351928711,123.2401351928711,0.0,0.003685931364695231
975,123.22460174560547,123.22460174560547,0.0,0.002528393268585205
976,123.20874786376953,123.20874786376953,0.0,0.0023660659790039062
977,123.19335174560547,123.19335174560547,0.0,0.002525325616200765
978,123.17780303955078,123.17780303955078,0.0,0.003505841890970866
979,123.16241455078125,123.16241455078125,0.0,0.0025458415349324543
980,123.14753723144531,123.14753723144531,0.0,0.002478345235188802
981,123.13190460205078,123.13190460205078,0.0,0.0035300532976786296
982,123.11625671386719,123.11625671386719,0.0,0.0022995789845784505
983,123.10102081298828,123.10102081298828,0.0,0.002745203177134196
984,123.08627319335938,123.08627319335938,0.0,0.0038255771001180013
985,123.07188415527344,123.07188415527344,0.0,0.002502179145812988
986,123.05558776855469,123.05558776855469,0.0,0.002492988109588623
987,123.04000854492188,123.04000854492188,0.0,0.002584954102834066
988,123.02510070800781,123.02510070800781,0.0,0.0035784641901652017
989,123.0096206665039,123.0096206665039,0.0,0.002606650193532308
990,122.99483489990234,122.99483489990234,0.0,0.0026285290718078614
991,122.97953796386719,122.97953796386719,0.0,0.0036755959192911786
992,122.96521759033203,122.96521759033203,0.0,0.0026714444160461427
993,122.9498519897461,122.9498519897461,0.0,0.0026193062464396157
994,122.93458557128906,122.93458557128906,0.0,0.0038976271947224936
995,122.91941833496094,122.91941833496094,0.0,0.0027694861094156903
996,122.90553283691406,122.90553283691406,0.0,0.0025112231572469077
997,122.88827514648438,122.88827514648438,0.0,0.0035907546679178875
998,122.87406158447266,122.87406158447266,0.0,0.0025126854578653973
999,122.8595962524414,122.8595962524414,0.0,0.0025059382120768228
1000,122.84532165527344,122.84532165527344,0.0,0.0026164571444193523
